date_time,region,actual_pm2_5,multi_pred_pm2_5,single_pred_pm2_5,actual_pm10,multi_pred_pm10,single_pred_pm10,actual_so2,multi_pred_so2,single_pred_so2
2025-07-01 01:00:00,AIIMS,2.01,4.561220570696507,4.387152266044887,15.03,15.788258708266305,19.306730086679785,2.76,4.782145475528669,3.0079089387361817
2025-07-01 02:00:00,AIIMS,1.74,3.6235567299901854,3.772553582608932,20.43,12.84510234506602,12.885970309729426,3.02,4.554993889670246,3.1047321962064913
2025-07-01 03:00:00,AIIMS,1.74,4.485354917766365,4.368530614183026,20.43,15.938618046132348,11.633857038425518,3.31,3.7223050862966485,3.08092884139578
2025-07-01 04:00:00,AIIMS,1.53,5.509132667184607,4.010137686727779,19.4,19.507217327967272,11.633857038425518,2.8,3.730824675276062,3.3105330729771802
2025-07-01 05:00:00,AIIMS,1.38,5.723570735080043,4.010137686727779,19.4,20.336633595292426,11.633857038425518,2.63,3.3571402933389463,3.0433765158964787
2025-07-01 06:00:00,AIIMS,1.35,5.158510816768467,4.326033662005199,14.7,18.837551371866248,13.869598250170164,3.41,4.880889750343161,3.031949874615014
2025-07-01 07:00:00,AIIMS,1.31,4.129705557103185,4.807583754569913,15.52,15.11700119581976,11.633857038425518,3.04,4.33085405239369,2.915571938892169
2025-07-01 08:00:00,AIIMS,1.25,4.332851999527904,4.807583754569913,16.73,15.687513268683833,11.633857038425518,3.19,3.6307557380461093,3.4258977857330075
2025-07-01 09:00:00,AIIMS,1.24,4.508538460016919,4.807583754569913,16.73,16.362441258420144,12.479038764764562,3.55,3.264975728290719,3.7744128740639393
2025-07-01 10:00:00,AIIMS,1.25,4.291645538293278,5.6583548537234725,16.3,15.353045059123822,13.078806584454092,3.59,3.734904524366492,3.661793052628992
2025-07-01 11:00:00,AIIMS,1.37,4.734237156908195,5.6583548537234725,15.39,16.587883397282138,11.181933099479233,3.25,4.18919058235733,3.7744128740639393
2025-07-01 12:00:00,AIIMS,1.37,4.305124325816587,5.6583548537234725,16.67,16.31594858331599,13.324744082288436,2.85,4.728878461367334,3.7744128740639393
2025-07-01 13:00:00,AIIMS,1.34,4.036695673380159,5.2816052244854275,16.67,15.17203410547937,13.739350966074458,3.37,5.281968259244075,3.9415000784472767
2025-07-01 14:00:00,AIIMS,1.3,4.036695673380159,5.92895865950404,16.09,15.17203410547937,13.739350966074458,2.92,5.281968259244075,3.7380213924775862
2025-07-01 15:00:00,AIIMS,1.26,4.036695673380159,4.162094734331226,15.64,15.17203410547937,16.45574071310694,2.83,5.281968259244075,3.661793052628992
2025-07-01 16:00:00,AIIMS,1.35,3.2775599628825454,3.966516084025246,15.64,12.631036488163108,14.9941794446196,3.29,5.132726162680684,3.0497311244387024
2025-07-01 17:00:00,AIIMS,1.37,3.5055307856227644,4.272255143220908,13.73,13.595215754978168,14.9941794446196,3.1,4.592776240336024,3.4388065723500523
2025-07-01 18:00:00,AIIMS,1.5,3.5055307856227644,4.272255143220908,14.3,13.595215754978168,14.54427517722605,3.32,4.592776240336024,3.325685705635851
2025-07-01 19:00:00,AIIMS,1.51,3.239330623688079,5.043611166881406,19.32,12.186559027342287,14.54427517722605,3.34,4.069612900865582,3.7292424142608818
2025-07-01 20:00:00,AIIMS,1.55,2.8713621821324975,3.487465902458397,19.32,10.714335783336564,12.449955374623528,2.77,4.546006603516369,3.6176880828141975
2025-07-01 21:00:00,AIIMS,1.56,3.5055307856227644,4.300846807562022,17.72,13.595215754978168,12.495370708504028,2.97,4.592776240336024,3.427957262213929
2025-07-01 22:00:00,AIIMS,1.56,4.734237156908195,6.170022862870563,14.8,16.587883397282138,13.42700333673908,2.96,4.18919058235733,3.050350687422557
2025-07-02 01:00:00,AIIMS,1.62,4.561220570696507,4.570195053770454,17.36,15.788258708266305,15.424807999750374,2.48,4.782145475528669,3.0079089387361817
2025-07-02 02:00:00,AIIMS,1.61,4.332851999527904,4.807583754569913,16.32,15.687513268683833,10.161945355267738,2.77,3.6307557380461093,2.6661231723407757
2025-07-02 03:00:00,AIIMS,2.49,4.332851999527904,5.223020829035076,14.49,15.687513268683833,10.161945355267738,2.63,3.6307557380461093,2.979970477055746
2025-07-02 04:00:00,AIIMS,2.49,4.508538460016919,4.224160780212979,20.32,16.362441258420144,10.161945355267738,2.82,3.264975728290719,2.754689552779886
2025-07-02 05:00:00,AIIMS,2.85,3.7382251540262894,3.772553582608932,20.32,13.135995171622227,14.084165644892053,3.42,3.4793684558601257,3.1118662053108173
2025-07-02 06:00:00,AIIMS,3.85,4.228441519601489,4.326033662005199,21.33,14.618143543404608,15.343290824921336,3.5,4.883347096468524,3.415501787268158
2025-07-02 07:00:00,AIIMS,3.85,3.7382251540262894,4.616740110833125,32.35,13.135995171622227,11.633857038425518,3.42,3.4793684558601257,3.501356207553304
2025-07-02 08:00:00,AIIMS,6.81,3.395588145084824,4.616740110833125,34.06,11.2191391716652,11.633857038425518,3.49,4.197979291592084,3.501356207553304
2025-07-02 09:00:00,AIIMS,6.81,6.52407566607302,6.17521962816699,34.06,17.980491642116107,16.347197552293775,3.69,4.046859251056179,3.8558132312427045
2025-07-02 10:00:00,AIIMS,5.46,8.852152718129162,7.4986396579258425,31.46,25.65781078628499,20.479452269819966,3.53,3.8503283731322595,4.147161444581778
2025-07-02 11:00:00,AIIMS,9.5,6.525063241881389,7.7874034830485925,25.34,21.141896356082317,19.858463766950088,4.29,3.759044694081866,3.8558132312427045
2025-07-02 12:00:00,AIIMS,9.5,9.132183837404785,7.7874034830485925,26.69,27.95524019957914,19.63175894069971,6.95,4.176745768506444,4.025749154091654
2025-07-02 13:00:00,AIIMS,8.25,8.248652325407004,8.243028876855954,26.69,25.806043833480516,26.668038575318437,5.75,3.720166429483574,4.388509081436369
2025-07-02 14:00:00,AIIMS,8.25,7.593186325938229,7.939292695929508,20.0,24.075099046568038,24.3040813218611,6.91,4.431894682336511,4.311827477274457
2025-07-02 15:00:00,AIIMS,7.71,8.28881193268765,7.4986396579258425,20.0,25.169119385703198,26.428685961815514,7.67,4.505524682890679,4.311827477274457
2025-07-02 16:00:00,AIIMS,7.71,8.250022603507379,7.665637500518848,22.33,25.939174730872068,23.747005382272818,7.26,4.623464877643392,4.311827477274457
2025-07-02 17:00:00,AIIMS,5.49,8.28881193268765,7.4986396579258425,24.31,25.169119385703198,23.030529603806155,6.71,4.505524682890679,5.215532650940427
2025-07-02 18:00:00,AIIMS,5.86,8.28881193268765,7.4986396579258425,24.31,25.169119385703198,23.030529603806155,6.49,4.505524682890679,5.0410925485379146
2025-07-02 19:00:00,AIIMS,5.86,8.018186478385433,7.4986396579258425,20.28,24.673834417861833,23.030529603806155,6.42,6.453089021431997,6.818464113465275
2025-07-02 20:00:00,AIIMS,6.39,8.106233477588448,7.4986396579258425,20.07,25.022761043789107,20.46217875224408,6.06,5.36922107819767,6.111024244173395
2025-07-02 21:00:00,AIIMS,6.39,8.106233477588448,7.058774307905702,20.07,25.022761043789107,20.46217875224408,6.42,5.36922107819767,6.818464113465275
2025-07-02 22:00:00,AIIMS,4.59,8.617035591273373,7.058774307905702,18.05,24.442633106484816,20.46217875224408,6.41,4.809815310174236,6.8664267188282215
2025-07-03 01:00:00,AIIMS,7.34,8.617035591273373,7.454475325675979,13.02,24.442633106484816,25.05562354733615,2.83,4.809815310174236,6.14821887034787
2025-07-03 02:00:00,AIIMS,5.14,7.506978544127778,5.898268996880845,12.54,20.790467576724854,24.33724548687192,2.87,4.026766350759086,6.14821887034787
2025-07-03 03:00:00,AIIMS,3.6,6.168973038084921,7.635247031112998,12.6,16.99856125898673,23.787214719396896,2.73,4.017713809998522,5.604824393956381
2025-07-03 04:00:00,AIIMS,4.67,4.277467082577226,4.090603161447199,12.6,12.245178278610698,13.94522956577556,2.94,4.301021224687537,5.604824393956381
2025-07-03 05:00:00,AIIMS,4.67,3.833273856006122,3.2978873317873267,15.32,12.085159451449412,16.343370835843952,2.86,4.296076381022551,5.604824393956381
2025-07-03 06:00:00,AIIMS,3.42,4.277467082577226,4.285408622262929,15.32,12.245178278610698,16.83510136390869,2.75,4.301021224687537,4.302096324816275
2025-07-03 07:00:00,AIIMS,2.46,3.230667772624429,3.6050640917818457,13.21,11.704085927304414,13.265446162304038,2.73,3.417197424574929,2.945721738561907
2025-07-03 08:00:00,AIIMS,2.03,3.0957370551805425,3.1581980131301925,15.12,11.210241596963208,13.265446162304038,3.05,3.796032527043386,2.945721738561907
2025-07-03 09:00:00,AIIMS,2.03,3.0957370551805425,2.986076637181883,15.12,11.210241596963208,11.426966403158024,2.97,3.796032527043386,3.256425606300785
2025-07-03 10:00:00,AIIMS,2.69,3.230667772624429,2.651802507723653,14.35,11.704085927304414,11.426966403158024,2.46,3.417197424574929,3.546464650743853
2025-07-03 14:00:00,AIIMS,0.74,10.317249132675816,7.162662919518057,19.26,30.372561080600672,20.22305811734277,7.04,3.932319460144728,4.132218372902398
2025-07-03 15:00:00,AIIMS,1.57,7.753038354791542,7.503970836228021,17.56,23.23599710125911,20.22305811734277,3.76,4.825846375949296,4.82360322344436
2025-07-03 16:00:00,AIIMS,1.47,4.414180501141309,6.130439733782459,17.26,12.347455538609857,13.49482869247087,4.21,5.775317653297445,4.483565408734749
2025-07-03 17:00:00,AIIMS,1.77,3.5211807404915207,3.6404598246597795,20.52,10.880185070678293,12.464286376828076,3.47,6.016481863831051,4.073914357031978
2025-07-03 18:00:00,AIIMS,1.68,4.3651341513310085,3.7909866386769338,19.04,14.016050535478014,15.288291519933576,1.12,4.310305722282291,4.6525486408399335
2025-07-03 19:00:00,AIIMS,1.4,4.3651341513310085,4.326033662005199,19.17,14.016050535478014,15.288291519933576,3.42,4.310305722282291,3.7969342749973
2025-07-03 20:00:00,AIIMS,3.62,4.228441519601489,3.7909866386769338,17.77,14.618143543404608,15.288291519933576,3.28,4.883347096468524,6.168625984243247
2025-07-03 21:00:00,AIIMS,3.46,4.228441519601489,3.506825198323561,14.31,14.618143543404608,15.288291519933576,3.59,4.883347096468524,6.124917958812349
2025-07-03 22:00:00,AIIMS,2.98,4.173683102839163,3.101059706019277,13.71,13.30886470191061,13.869598250170164,3.64,3.483550755196192,4.193595162839308
2025-07-04 01:00:00,AIIMS,3.14,4.18686080706669,4.06162825215267,17.79,13.867584323903989,16.79674781011468,2.91,4.1216257023072265,3.170666272917929
2025-07-04 02:00:00,AIIMS,2.2,3.5871066654556687,3.772553582608932,15.96,12.586488413782032,11.979115134476833,2.38,3.8635355747054074,2.8860901243788195
2025-07-04 03:00:00,AIIMS,1.59,3.5871066654556687,4.113951276017509,12.05,12.586488413782032,11.979115134476833,2.86,3.8635355747054074,2.8860901243788195
2025-07-04 04:00:00,AIIMS,1.31,3.5871066654556687,3.772553582608932,10.61,12.586488413782032,11.93839088775015,2.93,3.8635355747054074,2.7205207927634123
2025-07-04 05:00:00,AIIMS,1.2,3.021873867296301,3.6747412007259417,8.69,10.952191218764849,10.131409086031054,2.37,3.8106345538247615,2.7205207927634123
2025-07-04 06:00:00,AIIMS,1.1,2.516556303255048,3.4812099745479683,6.18,8.235281639843878,11.060584606864362,2.45,4.987621743082754,3.031949874615014
2025-07-04 07:00:00,AIIMS,0.87,3.3516799316513533,2.5562642619063034,4.63,11.75648323012514,10.910642985004037,2.56,3.5861811048820194,2.754689552779886
2025-07-04 08:00:00,AIIMS,1.02,3.035804810020312,2.5562642619063034,7.8,9.480423797006425,8.86004941964919,2.39,3.5180185664058907,2.945721738561907
2025-07-04 09:00:00,AIIMS,2.88,2.5850371215085377,2.5562642619063034,20.31,8.219902873874002,9.443444544266113,2.63,3.782622421427634,3.256425606300785
2025-07-04 10:00:00,AIIMS,4.5,3.8737236008843405,3.3275161183448487,21.64,13.348706068951952,11.633857038425518,2.84,3.5679249001870845,3.256425606300785
2025-07-04 11:00:00,AIIMS,4.19,5.0007551433838024,4.761666543947746,25.17,19.28052846323785,15.101601321819288,3.39,3.8231272047644183,3.1928024815071865
2025-07-04 12:00:00,AIIMS,5.83,6.092895753471826,6.37116544422336,24.99,22.200384734468862,16.87476662734132,3.31,3.2402371050127377,3.5460394756382883
2025-07-04 13:00:00,AIIMS,6.19,6.7277407121528805,6.202310166957375,23.98,23.376063544429595,16.87476662734132,3.35,4.3766622244542095,4.679417896473533
2025-07-04 14:00:00,AIIMS,5.73,6.7277407121528805,8.080176749307705,25.49,23.376063544429595,16.87476662734132,3.34,4.3766622244542095,4.03112450112926
2025-07-04 15:00:00,AIIMS,5.78,6.7043040346509475,6.3411954533038735,28.63,23.454320195466583,19.122659079966173,3.14,4.875882905446449,4.679417896473533
2025-07-04 16:00:00,AIIMS,9.18,7.497548693746156,8.356220848388746,28.6,25.789378192782824,16.516859489795984,3.48,4.367533341087169,4.260295517462356
2025-07-04 17:00:00,AIIMS,8.38,8.41053831092083,9.273186449874936,30.12,27.80448396149103,22.09734606577579,2.85,4.445972708320712,4.765675201128738
2025-07-04 18:00:00,AIIMS,7.06,8.41053831092083,9.805849440815336,30.46,27.80448396149103,24.86137525040164,2.35,4.445972708320712,4.398362177717797
2025-07-04 19:00:00,AIIMS,6.66,8.41053831092083,8.529654044710028,31.04,27.80448396149103,19.320125731765927,2.64,4.445972708320712,3.737401386746252
2025-07-04 20:00:00,AIIMS,6.98,8.41053831092083,7.950292698483514,35.28,27.80448396149103,19.320125731765927,2.85,4.445972708320712,4.097845187696821
2025-07-04 21:00:00,AIIMS,7.64,8.486222216512044,7.950292698483514,35.95,27.714846917120628,20.561208434838438,2.74,4.140507835924342,3.0148746693835253
2025-07-04 22:00:00,AIIMS,7.48,9.136528175052923,7.7874034830485925,35.34,26.413183807636507,19.24791649408807,2.89,4.319080538689743,3.8092884553491047
2025-07-05 01:00:00,AIIMS,5.33,9.15640683839837,8.478100931950168,21.17,27.272604918535382,25.236236537089646,2.34,4.03624141463822,3.171616425261834
2025-07-05 02:00:00,AIIMS,4.5,6.797767690387136,7.4986396579258425,17.56,20.422555126098523,24.424525531266184,2.33,3.863917461252562,3.1118662053108173
2025-07-05 03:00:00,AIIMS,4.23,4.598896396641228,5.759645123085314,14.6,15.696380469593638,20.76994659547725,2.24,3.968634799037673,3.358577686036373
2025-07-05 04:00:00,AIIMS,3.29,4.173683102839163,4.326033662005199,11.21,13.30886470191061,15.521865772059265,1.81,3.483550755196192,3.0067025249768538
2025-07-05 05:00:00,AIIMS,2.41,4.173683102839163,4.326033662005199,10.13,13.30886470191061,15.521865772059265,2.84,3.483550755196192,3.1118662053108173
2025-07-05 06:00:00,AIIMS,1.87,2.9473447715875603,3.982646062974461,11.59,9.244434605171428,14.456230120142083,2.41,5.03803379771971,2.430283454044892
2025-07-05 07:00:00,AIIMS,1.53,3.016604467154769,3.9886163865809134,15.86,10.86483719946249,13.982927779759523,2.49,3.8436520696184377,3.0504038890594067
2025-07-05 08:00:00,AIIMS,1.42,3.230667772624429,2.986076637181883,15.71,11.704085927304414,11.426966403158024,2.48,3.417197424574929,3.0504038890594067
2025-07-05 09:00:00,AIIMS,1.99,3.0957370551805425,2.986076637181883,18.96,11.210241596963208,11.426966403158024,2.78,3.796032527043386,3.0504038890594067
2025-07-05 10:00:00,AIIMS,2.27,3.9814815574267213,5.158928576403248,20.44,14.0722882352869,13.281314065459096,2.77,3.5246915123738534,3.0504038890594067
2025-07-05 11:00:00,AIIMS,3.51,4.468860338919924,6.170022862870563,24.26,16.965555881838316,13.323927478560153,3.07,4.004281993377136,3.144432532720219
2025-07-05 12:00:00,AIIMS,3.82,5.0007551433838024,6.170022862870563,24.23,19.28052846323785,13.323927478560153,3.15,3.8231272047644183,3.1118662053108173
2025-07-05 13:00:00,AIIMS,3.54,5.079791247297529,6.170022862870563,23.83,19.97266020955411,12.890307601555406,3.3,4.063461430724394,3.6155149994999887
2025-07-05 14:00:00,AIIMS,4.39,6.420826195992452,5.185498699299933,22.68,24.773217011911324,13.738510727052933,3.22,4.172880979657726,4.765675201128738
2025-07-05 15:00:00,AIIMS,4.1,6.184150225089985,4.010137686727779,28.0,23.771337996859152,17.148337881582066,3.28,4.616526284049876,4.765675201128738
2025-07-05 16:00:00,AIIMS,4.72,6.184150225089985,6.089356784236951,27.68,23.771337996859152,17.148337881582066,3.52,4.616526284049876,3.9295618739506386
2025-07-05 17:00:00,AIIMS,4.37,6.989389349036443,6.089356784236951,26.54,24.87329571773588,17.148337881582066,3.16,4.579088267130261,3.9295618739506386
2025-07-05 18:00:00,AIIMS,4.47,6.989389349036443,6.089356784236951,30.33,24.87329571773588,17.148337881582066,2.89,4.579088267130261,3.4952077561077077
2025-07-05 19:00:00,AIIMS,4.23,6.989389349036443,6.089356784236951,31.87,24.87329571773588,17.148337881582066,2.81,4.579088267130261,3.323566495779648
2025-07-05 20:00:00,AIIMS,8.83,5.785220752554107,5.229195110845202,30.26,20.80800731047172,15.628785765685596,2.83,4.446544644568418,3.2557666695492404
2025-07-05 21:00:00,AIIMS,8.63,8.41053831092083,6.653195221465213,25.68,27.80448396149103,17.758736599997153,2.72,4.445972708320712,3.0148746693835253
2025-07-05 22:00:00,AIIMS,7.73,8.811010923280993,8.064774569919146,25.72,26.44224641760751,23.347905388584753,2.87,3.9542328519768573,3.0148746693835253
2025-07-06 01:00:00,AIIMS,6.22,8.659592655265012,8.992716900306462,18.55,26.386326632780616,18.19738988045757,3.07,3.5298731356664463,3.109260989747451
2025-07-06 02:00:00,AIIMS,4.49,8.700099488092675,7.4986396579258425,15.45,25.603489466505255,20.54934120242408,3.14,3.434868697753167,3.0504038890594067
2025-07-06 03:00:00,AIIMS,3.32,3.5871066654556687,6.128601189414286,11.67,12.586488413782032,20.54934120242408,2.89,3.8635355747054074,3.2913276057682728
2025-07-06 04:00:00,AIIMS,2.48,4.008676344943741,3.6404598246597795,12.36,12.752638008617359,14.030087310870048,3.12,3.868076563419657,2.96591079103417
2025-07-06 05:00:00,AIIMS,1.92,2.6700382730768064,3.772553582608932,13.52,9.480857708407296,14.030087310870048,2.91,4.323477390663086,2.946812147853836
2025-07-06 06:00:00,AIIMS,2.26,2.9473447715875603,3.448347825014415,12.42,9.244434605171428,14.407733491338396,3.2,5.03803379771971,3.3714769316305055
2025-07-06 07:00:00,AIIMS,3.31,2.6700382730768064,3.448347825014415,13.14,9.480857708407296,13.982927779759523,3.47,4.323477390663086,2.976236228334621
2025-07-06 08:00:00,AIIMS,3.12,3.220895290511981,3.448347825014415,12.63,10.359448657960952,12.137273577561581,3.66,3.8593098019589327,3.4632721584496275
2025-07-06 09:00:00,AIIMS,2.82,2.865631473841105,2.6121290071052323,13.87,10.222211875396752,13.217439329856894,3.63,3.8547769909642273,3.5949759418980882
2025-07-06 10:00:00,AIIMS,2.67,2.6700382730768064,2.5856401069554567,12.82,9.480857708407296,13.97950726766707,2.77,4.323477390663086,3.635577819373065
2025-07-06 11:00:00,AIIMS,2.24,2.6700382730768064,2.425239339673422,11.17,9.480857708407296,12.093063331048787,3.89,4.323477390663086,3.340259743918992
2025-07-06 12:00:00,AIIMS,4.5,3.131493653602532,2.425239339673422,10.19,10.913773067120834,13.932506440300022,3.83,4.028950138547278,3.3398538526305828
2025-07-06 13:00:00,AIIMS,4.18,3.7516131461624447,2.5856401069554567,7.23,11.912482665421376,14.296097408454076,3.62,3.590463133114132,4.025749154091654
2025-07-06 14:00:00,AIIMS,4.72,3.908151166594336,2.807762659209384,5.33,12.434729199554933,14.404215998662794,3.71,3.2278658067605024,3.741273321635238
2025-07-06 15:00:00,AIIMS,5.3,3.7516131461624447,2.807762659209384,11.44,11.912482665421376,16.7750817393478,3.78,3.590463133114132,4.025749154091654
2025-07-06 16:00:00,AIIMS,4.93,5.590093260238429,4.5556278063232405,10.58,16.055084150699315,15.811865922375027,3.71,3.5899810931363243,4.025749154091654
2025-07-06 17:00:00,AIIMS,5.84,5.590093260238429,5.580325236895368,7.96,16.055084150699315,19.29916243850774,1.85,3.5899810931363243,4.147161444581778
2025-07-06 18:00:00,AIIMS,5.34,4.854031620532977,6.8744695781667735,9.66,14.0038035122311,19.29916243850774,2.13,3.8587995306592475,3.7055744907091244
2025-07-06 19:00:00,AIIMS,4.98,4.361310177976113,5.723064622926653,9.92,13.822538225310582,15.181615001804303,2.22,3.854267195650526,3.4136201981525245
2025-07-06 20:00:00,AIIMS,4.75,4.383792460911533,5.755726059537771,11.74,13.398836500836838,13.770844302289731,2.02,3.7524592834658517,3.4136201981525245
2025-07-06 21:00:00,AIIMS,3.97,3.84697849082976,4.758290274254841,13.5,13.107953818020707,13.187959798564517,2.26,3.5437932514394026,2.769937843135846
2025-07-06 22:00:00,AIIMS,3.08,3.505313976837882,4.118920678414548,15.32,11.458529533801968,14.569034362043086,2.24,3.8950664093647624,2.9749442705415667
2025-07-07 01:00:00,AIIMS,3.9,6.223912133852568,8.478100931950168,15.53,18.07608929676618,19.453039320268985,2.9,4.013683977795437,2.982412759917281
2025-07-07 02:00:00,AIIMS,3.45,2.8262686366761307,3.5527647937803977,14.53,9.501008689226891,15.443307374241801,3.6,3.778773243974187,2.824978529673687
2025-07-07 03:00:00,AIIMS,3.35,3.044666639286837,4.017308242350282,15.13,9.216229524341992,14.137150000059595,6.5,4.193462931242753,2.6006531869283767
2025-07-07 04:00:00,AIIMS,2.88,3.1779148835241067,2.987551417685761,14.17,9.629425855306929,12.132284975395809,6.47,3.7832350917463513,3.5833162618513583
2025-07-07 05:00:00,AIIMS,2.33,2.9589976535818097,2.987551417685761,10.91,9.714766519000948,10.948132342668597,2.49,4.374768679511767,4.651456299218066
2025-07-07 06:00:00,AIIMS,2.06,2.7713101354647858,2.925852587011062,8.09,7.826591851331283,10.936152975841361,2.3,6.344440438092753,3.5925574596555716
2025-07-07 07:00:00,AIIMS,1.73,2.506370316680411,3.1891710617820888,12.0,8.030293696959225,9.443444544266113,1.7,5.475280518307799,3.4329644608344143
2025-07-07 08:00:00,AIIMS,1.57,2.7042356149341544,3.23145977906956,13.84,9.092804302566327,9.443444544266113,1.11,4.188618418990039,3.6585061144233864
2025-07-07 09:00:00,AIIMS,1.22,2.8262686366761307,2.986076637181883,12.71,9.501008689226891,10.344590539602248,1.54,3.778773243974187,2.950495505608768
2025-07-07 10:00:00,AIIMS,1.04,2.5493235032445476,2.651802507723653,9.44,7.893345646249841,10.344590539602248,1.32,4.835938087497856,3.1109180260890614
2025-07-07 11:00:00,AIIMS,0.97,2.5493235032445476,2.986076637181883,8.86,7.893345646249841,10.344590539602248,2.39,4.835938087497856,3.789556564500166
2025-07-07 12:00:00,AIIMS,1.05,2.8262686366761307,2.986076637181883,8.19,9.501008689226891,7.645450917089567,2.34,3.778773243974187,3.0884991040339314
2025-07-07 13:00:00,AIIMS,1.04,2.8262686366761307,2.651802507723653,6.26,9.501008689226891,7.645450917089567,1.96,3.778773243974187,3.0884991040339314
2025-07-07 14:00:00,AIIMS,1.52,2.8262686366761307,2.651802507723653,4.95,9.501008689226891,6.6641938082118335,1.62,3.778773243974187,3.306875356948959
2025-07-07 15:00:00,AIIMS,1.48,2.435356493814291,2.986076637181883,3.68,7.292008422928593,6.6641938082118335,1.34,4.111502100525014,2.869415066723446
2025-07-07 16:00:00,AIIMS,1.39,2.435356493814291,2.986076637181883,3.08,7.292008422928593,8.470304610093985,1.15,4.111502100525014,3.0784319060324234
2025-07-07 17:00:00,AIIMS,1.45,2.435356493814291,2.986076637181883,2.53,7.292008422928593,7.645450917089567,2.55,4.111502100525014,2.7133723418072386
2025-07-07 18:00:00,AIIMS,1.43,2.5850371215085377,2.986076637181883,1.92,8.219902873874002,6.6641938082118335,2.64,3.782622421427634,3.100713084057271
2025-07-07 19:00:00,AIIMS,1.39,2.5850371215085377,2.910748086349989,6.04,8.219902873874002,5.6952647340560825,2.46,3.782622421427634,3.100713084057271
2025-07-07 20:00:00,AIIMS,1.39,2.5850371215085377,2.986076637181883,8.68,8.219902873874002,6.6641938082118335,2.14,3.782622421427634,2.8809745552116164
2025-07-07 21:00:00,AIIMS,1.38,2.293097366658471,2.93293400245934,8.34,6.0148272078955305,5.466476854597999,0.86,3.966983909528375,3.19330225776633
2025-07-07 22:00:00,AIIMS,1.36,2.5146847144121147,2.93293400245934,7.06,6.989537685073759,6.562483975349334,1.3,3.962986353210625,3.19330225776633
2025-07-08 01:00:00,AIIMS,1.38,3.715777914822776,3.0901605172239996,11.84,12.54201611127906,14.50793584867026,2.18,3.4704853304079286,3.160301236126026
2025-07-08 02:00:00,AIIMS,1.36,2.7909446912772653,2.521721302256099,8.55,9.904756950310674,7.990418915002454,1.82,3.9029798040832038,3.100713084057271
2025-07-08 03:00:00,AIIMS,1.35,2.6700382730768064,2.8421459993047318,6.24,9.480857708407296,7.990418915002454,1.21,4.323477390663086,3.285797833487435
2025-07-08 04:00:00,AIIMS,1.32,2.7909446912772653,2.7358038713741273,4.69,9.904756950310674,7.990418915002454,1.4,3.9029798040832038,2.8809745552116164
2025-07-08 05:00:00,AIIMS,1.32,2.4036414322919644,2.8850265086571887,3.63,7.610823889207001,7.990418915002454,2.47,4.2443567183281905,2.7133723418072386
2025-07-08 06:00:00,AIIMS,1.34,2.516556303255048,3.3642833110186556,3.88,8.235281639843878,9.581401780962171,1.94,4.987621743082754,2.616819727363856
2025-07-08 07:00:00,AIIMS,1.47,2.4036414322919644,2.7358038713741273,4.9,7.610823889207001,6.49337392600089,1.49,4.2443567183281905,2.314101605333789
2025-07-08 08:00:00,AIIMS,1.48,2.4036414322919644,2.7358038713741273,7.84,7.610823889207001,6.49337392600089,2.53,4.2443567183281905,2.824978529673687
2025-07-08 09:00:00,AIIMS,1.47,2.4036414322919644,2.986076637181883,7.18,7.610823889207001,7.238345194768183,1.99,4.2443567183281905,2.4636828251450553
2025-07-08 10:00:00,AIIMS,1.44,2.8262686366761307,2.6866402299621037,5.61,9.501008689226891,5.045924212459258,1.39,3.778773243974187,2.95646179283738
2025-07-08 11:00:00,AIIMS,1.4,2.8262686366761307,2.6866402299621037,5.11,9.501008689226891,4.871107514796202,3.84,3.778773243974187,2.855272682477199
2025-07-08 12:00:00,AIIMS,1.51,2.261534344202112,2.986076637181883,3.66,6.744227373585993,7.358724652222643,3.79,4.6049878120286865,3.4057662582237436
2025-07-08 13:00:00,AIIMS,1.51,2.261534344202112,2.807762659209384,2.81,6.744227373585993,7.5957166491123385,3.3,4.6049878120286865,3.6757541220720995
2025-07-08 14:00:00,AIIMS,1.5,2.261534344202112,2.807762659209384,4.9,6.744227373585993,7.5957166491123385,3.44,4.6049878120286865,3.6757541220720995
2025-07-08 15:00:00,AIIMS,1.47,2.261534344202112,2.807762659209384,4.53,6.744227373585993,7.5957166491123385,3.37,4.6049878120286865,3.6390127495384483
2025-07-08 16:00:00,AIIMS,1.44,2.261534344202112,2.8850265086571887,6.64,6.744227373585993,5.957238664423146,2.92,4.6049878120286865,2.984169680888303
2025-07-08 17:00:00,AIIMS,1.41,2.126473243605895,2.125698263147884,6.08,5.551418439728736,6.441182061577117,2.4,4.446517232691666,3.7069258827439544
2025-07-08 18:00:00,AIIMS,1.39,2.126473243605895,2.615988428038433,6.34,5.551418439728736,6.441182061577117,2.71,4.446517232691666,2.5421354562141287
2025-07-08 19:00:00,AIIMS,1.47,2.126473243605895,2.8332310808645778,6.52,5.551418439728736,7.927800029336463,2.03,4.446517232691666,2.7347541585589843
2025-07-08 20:00:00,AIIMS,1.46,2.126473243605895,2.474769483263298,9.95,5.551418439728736,7.927800029336463,2.12,4.446517232691666,2.7347541585589843
2025-07-08 21:00:00,AIIMS,1.42,2.261534344202112,2.167933358104343,9.85,6.744227373585993,7.347173209624879,2.36,4.6049878120286865,2.7347541585589843
2025-07-08 22:00:00,AIIMS,1.39,2.6326671165374576,2.521721302256099,10.88,8.80729815909349,7.347173209624879,1.86,4.240135925244549,2.7347541585589843
2025-07-09 01:00:00,AIIMS,1.74,4.357737706767529,3.0901605172239996,20.03,14.468905122180065,10.890856394439167,2.77,3.7170722329973014,2.8805599365202275
2025-07-09 02:00:00,AIIMS,1.63,3.6702383975061217,2.6866402299621037,18.93,11.904646958811577,8.49606768350818,2.5,3.882040785351613,2.4636828251450553
2025-07-09 03:00:00,AIIMS,2.99,4.3651341513310085,4.904787859462287,16.07,14.016050535478014,8.792230496359766,2.42,4.310305722282291,2.4636828251450553
2025-07-09 04:00:00,AIIMS,2.78,3.957674144472162,4.358074286603694,14.01,11.868815241752612,8.792230496359766,2.44,3.791864605559814,3.2430094485288263
2025-07-09 05:00:00,AIIMS,2.13,3.498480462870557,3.3491004704255714,9.99,12.202152624236305,8.305855772782573,3.09,3.911825351319524,3.2430094485288263
2025-07-09 06:00:00,AIIMS,1.56,3.1728806709251325,4.080755643106099,7.31,10.180955090755383,9.952659690104307,3.02,4.9984241108423655,2.616819727363856
2025-07-09 07:00:00,AIIMS,1.18,2.7909446912772653,2.7358038713741273,5.17,9.904756950310674,8.305855772782573,3.24,3.9029798040832038,3.2934874081438696
2025-07-09 08:00:00,AIIMS,1.2,2.7909446912772653,2.7358038713741273,3.88,9.904756950310674,8.305855772782573,2.86,3.9029798040832038,3.7059815923489623
2025-07-09 09:00:00,AIIMS,1.23,2.4036414322919644,2.807762659209384,3.09,7.610823889207001,9.532688900744592,3.03,4.2443567183281905,3.2934874081438696
2025-07-09 10:00:00,AIIMS,1.22,2.4036414322919644,2.807762659209384,2.45,7.610823889207001,9.532688900744592,3.69,4.2443567183281905,3.0195868984406546
2025-07-09 11:00:00,AIIMS,1.22,2.5850371215085377,2.986076637181883,13.52,8.219902873874002,6.729688103838247,2.42,3.782622421427634,3.7059815923489623
2025-07-09 12:00:00,AIIMS,2.07,2.4036414322919644,3.8505424867149287,13.27,7.610823889207001,8.187139129004432,2.27,4.2443567183281905,3.2934874081438696
2025-07-09 13:00:00,AIIMS,2.02,2.516808720980873,3.8505424867149287,12.12,8.42606029439796,8.44761887184502,2.39,4.68954926120829,2.627706535426294
2025-07-09 14:00:00,AIIMS,1.89,2.4025891882227577,3.785874736683934,9.9,6.678961394075839,11.563295245534418,2.36,4.388630322214124,2.5421354562141287
2025-07-09 15:00:00,AIIMS,2.35,2.5146847144121147,3.785874736683934,11.34,6.989537685073759,11.563295245534418,2.23,3.962986353210625,3.0195868984406546
2025-07-09 16:00:00,AIIMS,3.66,2.6678217222154794,3.785874736683934,10.76,7.8835849780190905,11.955489190795424,2.5,3.6436623409910194,3.210556699966629
2025-07-09 17:00:00,AIIMS,3.48,4.2924312168918215,4.4319091989216535,9.15,13.280480429712501,12.330465174342708,3.56,3.5480357029559437,2.912191611319367
2025-07-09 18:00:00,AIIMS,2.89,3.3599492439594902,2.807762659209384,8.76,10.81888259061395,13.182695960791628,2.74,3.475476473813025,3.3259997178585046
2025-07-09 19:00:00,AIIMS,2.23,2.7909446912772653,2.7358038713741273,12.32,9.904756950310674,12.772606124284037,2.85,3.9029798040832038,2.96591079103417
2025-07-09 20:00:00,AIIMS,2.95,3.463721114434782,2.9624735083073612,11.25,11.937541577672958,13.317954183012004,3.51,4.022295580780053,2.627706535426294
2025-07-09 21:00:00,AIIMS,3.74,3.3213575149251744,3.7435001924551194,19.33,11.434622155272368,13.317954183012004,2.75,4.453026127344832,2.976236228334621
2025-07-09 22:00:00,AIIMS,7.87,4.7386600741612925,4.21282978744053,26.78,16.023486373768783,15.995245786901933,3.07,3.679086995308259,3.1815740821836664
2025-07-10 01:00:00,AIIMS,6.44,8.700099488092675,7.454475325675979,24.16,25.603489466505255,21.160322137399845,2.36,3.434868697753167,2.8805599365202275
2025-07-10 02:00:00,AIIMS,6.88,8.377572418842314,6.580794908770987,23.82,24.52080944737164,21.090998228772204,2.27,3.3675449461336235,2.824978529673687
2025-07-10 03:00:00,AIIMS,8.48,8.700099488092675,7.123076069424426,29.26,25.603489466505255,17.828372972764207,2.42,3.434868697753167,2.7347541585589843
2025-07-10 04:00:00,AIIMS,8.34,8.700099488092675,8.356220848388746,31.82,25.603489466505255,17.828372972764207,2.11,3.434868697753167,2.824978529673687
2025-07-10 05:00:00,AIIMS,7.37,8.700099488092675,8.356220848388746,39.12,25.603489466505255,17.828372972764207,2.73,3.434868697753167,2.824978529673687
2025-07-10 06:00:00,AIIMS,7.8,8.718173395671723,8.356220848388746,38.28,24.608551852250184,23.35979647003924,2.65,4.016960228959713,2.616819727363856
2025-07-10 07:00:00,AIIMS,7.44,8.767443235851125,7.4986396579258425,35.98,25.20845409693267,21.483061028909827,1.89,3.30559637542747,2.824978529673687
2025-07-10 08:00:00,AIIMS,9.12,8.700099488092675,8.356220848388746,33.81,25.603489466505255,19.697141974504685,2.25,3.434868697753167,2.824978529673687
2025-07-10 09:00:00,AIIMS,8.79,8.700099488092675,8.356220848388746,30.49,25.603489466505255,19.697141974504685,2.39,3.434868697753167,2.824978529673687
2025-07-10 10:00:00,AIIMS,9.29,8.700099488092675,8.841339326994998,29.92,25.603489466505255,19.697141974504685,2.52,3.434868697753167,3.0067025249768538
2025-07-10 11:00:00,AIIMS,8.49,8.700099488092675,8.356220848388746,28.46,25.603489466505255,22.688173957929394,4.88,3.434868697753167,3.038435947161636
2025-07-10 12:00:00,AIIMS,8.45,8.74336678868826,9.805849440815336,28.23,26.855878519500553,22.698878542833754,8.13,4.1029800010994295,3.5460991881817066
2025-07-10 13:00:00,AIIMS,7.84,8.748317954113038,9.273186449874936,27.82,28.174878264846473,31.11081929222138,6.56,4.666848041167683,4.012707328718225
2025-07-10 14:00:00,AIIMS,6.38,8.151178031295759,9.273186449874936,24.61,28.337107682011567,28.93968927467682,6.62,4.514774222931788,5.27003363291556
2025-07-10 15:00:00,AIIMS,6.45,8.151178031295759,7.848582388564976,17.59,28.337107682011567,24.18570394626438,7.89,4.514774222931788,5.022159115654959
2025-07-10 16:00:00,AIIMS,8.82,8.250022603507379,7.848582388564976,19.91,25.939174730872068,21.728336649419898,6.04,4.623464877643392,4.898325813431834
2025-07-10 17:00:00,AIIMS,8.04,8.570736796506212,7.848582388564976,18.14,28.14717489342335,27.233719857537952,6.55,4.6862401160291585,4.82360322344436
2025-07-10 18:00:00,AIIMS,5.96,8.250022603507379,9.04497696309109,17.83,25.939174730872068,29.04348550106926,6.26,4.623464877643392,5.9164501143128225
2025-07-10 19:00:00,AIIMS,5.05,8.576875626576962,8.212072989458234,16.6,25.191310787611634,26.592771005715726,6.3,4.934274065447578,6.8664267188282215
2025-07-10 20:00:00,AIIMS,5.22,6.457271444114686,8.212072989458234,19.6,17.29706876691552,16.525317165704216,6.05,5.159968203904078,6.818464113465275
2025-07-10 21:00:00,AIIMS,4.82,7.3709893604375,7.272194758912997,18.81,20.57857008137564,17.52940932117425,6.03,5.155351725313444,6.584937174550683
2025-07-10 22:00:00,AIIMS,3.57,7.3709893604375,7.272194758912997,16.05,20.57857008137564,19.04770522520139,6.18,5.155351725313444,6.631467201820256
2025-07-11 01:00:00,AIIMS,1.68,5.484422131548124,4.487034463773878,16.04,15.237959301368178,16.62216568636661,2.91,6.071976929503158,6.14821887034787
2025-07-11 02:00:00,AIIMS,1.55,3.4212755681472453,4.071582990387384,21.72,11.165352468725542,9.967816799765957,3.34,4.925841125173378,6.14821887034787
2025-07-11 03:00:00,AIIMS,3.2,4.684091126961932,4.215948954378977,30.97,15.007423878802609,9.967816799765957,3.32,4.520886952805559,5.604824393956381
2025-07-11 04:00:00,AIIMS,6.6,4.684091126961932,5.259350250208656,33.67,15.007423878802609,8.582944715716536,3.42,4.520886952805559,5.061927702576571
2025-07-11 05:00:00,AIIMS,6.35,5.720908957554304,7.223750378944297,36.07,17.448541384539944,14.155477261673592,2.92,4.536633117753734,5.061927702576571
2025-07-11 06:00:00,AIIMS,7.61,7.857471730848557,8.740564711499049,42.4,22.357234860758236,23.029441684605946,3.09,4.153101109502111,5.741991005523895
2025-07-11 07:00:00,AIIMS,7.19,9.735376995970672,8.740564711499049,42.09,29.073366217827655,17.828372972764207,3.19,3.462291222732409,3.0149735760712666
2025-07-11 08:00:00,AIIMS,8.12,9.468435404719635,8.740564711499049,47.4,28.34411115151022,22.06180809635955,2.99,3.950537492833001,3.0454115258064007
2025-07-11 09:00:00,AIIMS,7.84,8.377572418842314,7.847754973846602,52.95,24.52080944737164,22.06180809635955,2.77,3.3675449461336235,3.861636409796877
2025-07-11 10:00:00,AIIMS,8.79,8.659592655265012,8.714887878559177,51.93,26.386326632780616,16.759629763885428,3.13,3.5298731356664463,3.551491167933749
2025-07-11 11:00:00,AIIMS,8.32,8.811010923280993,9.04497696309109,48.59,26.44224641760751,22.98859567971235,3.3,3.9542328519768573,3.551491167933749
2025-07-11 12:00:00,AIIMS,8.43,8.664501250231146,9.695198310280873,46.71,27.68309269346365,31.508868578756733,2.38,4.030414130578394,3.8558132312427045
2025-07-11 13:00:00,AIIMS,9.01,8.02326445445745,9.695198310280873,45.1,27.55393774989416,31.508868578756733,3.38,5.454709545216412,3.8758542073218694
2025-07-11 14:00:00,AIIMS,8.53,9.608180269299588,11.173806417476044,41.24,30.856526649723122,33.81073356034217,3.02,4.014282036508052,4.157547665195393
2025-07-11 15:00:00,AIIMS,8.19,9.608180269299588,11.805016234323192,41.69,30.856526649723122,33.592668862983224,4.13,4.014282036508052,3.5116023647529575
2025-07-11 16:00:00,AIIMS,7.83,9.652664938592563,8.740564711499049,39.44,29.945908976011665,32.591141244995185,3.7,3.9091181539555198,4.3442989265813825
2025-07-11 17:00:00,AIIMS,6.58,8.189552862607911,8.740564711499049,32.93,27.49850750928847,32.591141244995185,5.49,4.399113583091111,4.182610237619657
2025-07-11 18:00:00,AIIMS,5.55,8.189552862607911,8.740564711499049,43.43,27.49850750928847,32.591141244995185,6.24,4.399113583091111,4.5566924402151185
2025-07-11 19:00:00,AIIMS,7.02,8.189552862607911,7.469979543486589,49.35,27.49850750928847,31.327896423630236,6.48,4.399113583091111,4.400807857846226
2025-07-11 20:00:00,AIIMS,7.81,8.189552862607911,8.148380917860365,48.16,27.49850750928847,25.718603686054315,6.49,4.399113583091111,4.65492851830225
2025-07-11 21:00:00,AIIMS,10.69,8.151178031295759,6.85444707363837,42.54,28.337107682011567,28.73358132986751,6.6,4.514774222931788,4.298348797596568
2025-07-11 22:00:00,AIIMS,10.08,9.832304188214986,10.603084484072335,34.76,32.590984315522995,30.565662849062296,6.8,5.426809775675761,4.65492851830225
2025-07-12 01:00:00,AIIMS,5.82,11.230586624513675,11.135263194375083,39.38,32.32798803895966,24.174960841561973,3.62,5.6337888858016605,5.285397052404627
2025-07-12 02:00:00,AIIMS,5.05,7.667983013086063,9.419259027387792,27.21,22.09459462876361,23.047397615286503,3.68,4.571907763636589,5.285397052404627
2025-07-12 03:00:00,AIIMS,4.93,6.0556133255218265,7.236147953086004,26.0,18.445424853031636,17.01853606935933,3.92,4.272383898067684,5.285397052404627
2025-07-12 04:00:00,AIIMS,4.44,7.00211161108364,8.067241616393517,25.45,20.52381831083844,19.65334762237946,3.88,4.353225524920816,5.285397052404627
2025-07-12 05:00:00,AIIMS,3.7,6.000408538552075,5.849604283141328,25.64,18.468069497571715,20.610722464098544,3.38,4.420283867639357,5.285397052404627
2025-07-12 06:00:00,AIIMS,3.5,6.000408538552075,4.78297434363362,25.06,18.468069497571715,14.55412097832982,3.19,4.420283867639357,5.098462867483156
2025-07-12 07:00:00,AIIMS,6.19,4.932176306774059,4.78297434363362,28.1,17.16636876866566,12.76674435529924,3.07,3.90851261665295,4.028428833869093
2025-07-12 08:00:00,AIIMS,9.57,7.261937614418583,6.655278096019142,31.98,22.30864687088952,16.453213756258062,3.3,3.805062394511432,4.028428833869093
2025-07-12 09:00:00,AIIMS,8.78,7.261937614418583,9.976801186304776,33.93,22.30864687088952,27.313238224000052,2.86,3.805062394511432,4.182610237619657
2025-07-12 10:00:00,AIIMS,9.64,8.664501250231146,11.675352453620567,36.67,27.68309269346365,32.831860164781254,3.15,4.030414130578394,3.728338043802422
2025-07-12 11:00:00,AIIMS,8.86,7.846902530385146,11.675352453620567,36.48,27.143177827566134,39.23374081832847,3.46,4.431056910125972,3.4266964929759167
2025-07-12 12:00:00,AIIMS,8.43,7.846902530385146,11.675352453620567,38.7,27.143177827566134,36.11161135740009,3.74,4.431056910125972,4.182610237619657
2025-07-12 13:00:00,AIIMS,7.81,7.846902530385146,9.900971116344566,37.01,27.143177827566134,36.11161135740009,3.31,4.431056910125972,4.5945245265418615
2025-07-12 14:00:00,AIIMS,7.15,8.151178031295759,9.900971116344566,32.5,28.337107682011567,29.969533569541067,3.08,4.514774222931788,4.584211054009764
2025-07-12 15:00:00,AIIMS,7.05,8.151178031295759,9.12305474208116,31.95,28.337107682011567,26.268356098101282,3.35,4.514774222931788,4.91926304963145
2025-07-12 16:00:00,AIIMS,7.78,8.189552862607911,9.36193825473482,36.23,27.49850750928847,27.830664054744002,3.54,4.399113583091111,4.91926304963145
2025-07-12 17:00:00,AIIMS,7.23,8.151178031295759,8.70288841121665,34.4,28.337107682011567,30.957564375223253,2.43,4.514774222931788,3.962907133659697
2025-07-12 18:00:00,AIIMS,7.5,8.151178031295759,8.70288841121665,32.97,28.337107682011567,28.35071417311317,2.35,4.514774222931788,4.046536245784521
2025-07-12 19:00:00,AIIMS,7.43,8.151178031295759,9.12305474208116,32.59,28.337107682011567,28.35071417311317,2.48,4.514774222931788,3.616178599247884
2025-07-12 20:00:00,AIIMS,11.66,8.189552862607911,9.36193825473482,34.42,27.49850750928847,30.032328353331167,2.5,4.399113583091111,4.021578944784951
2025-07-12 21:00:00,AIIMS,12.24,9.345630101554518,9.595157020820334,34.2,30.607890393633102,31.6173444439711,2.7,4.659390635586903,3.050350687422557
2025-07-12 22:00:00,AIIMS,12.64,10.793320403905893,10.409352571904897,33.48,33.090061517391895,36.69173200719176,2.88,4.663361152188581,2.954810192036331
2025-07-13 01:00:00,AIIMS,10.11,17.302434003788203,12.32052874865989,31.84,46.00085698687561,33.30620272483996,3.77,4.588418761045803,3.384024608172492
2025-07-13 02:00:00,AIIMS,9.79,11.029539616173404,10.7318884896898,28.05,31.54821219819449,26.886445572804888,3.69,4.3030456323355795,3.744708649768679
2025-07-13 03:00:00,AIIMS,8.23,10.335005782048672,10.31410747615356,27.83,29.04281895421893,28.745395945973748,3.8,4.310033480434461,3.9578194612386284
2025-07-13 04:00:00,AIIMS,9.65,10.335005782048672,8.588846877443103,31.77,29.04281895421893,24.602394469397495,3.98,4.310033480434461,4.02939060150239
2025-07-13 05:00:00,AIIMS,9.31,9.440173283668683,9.458976460753938,30.96,27.404957593756823,24.602394469397495,3.05,4.297469994714515,4.02939060150239
2025-07-13 06:00:00,AIIMS,9.7,8.82823137837546,10.325086705096263,30.2,27.265885112300563,29.867037550870073,3.13,4.619874093512235,4.274156576807253
2025-07-13 07:00:00,AIIMS,8.91,10.037809368956395,9.458976460753938,30.34,28.24957425656905,25.942553390735476,2.87,3.15567844181722,3.480312976825612
2025-07-13 08:00:00,AIIMS,7.32,8.852152718129162,9.287041377176859,31.58,25.65781078628499,28.241181075255334,3.03,3.8503283731322595,3.480312976825612
2025-07-13 09:00:00,AIIMS,6.69,8.767443235851125,7.718395577872403,33.42,25.20845409693267,27.43105382288953,2.96,3.30559637542747,3.0497311244387024
2025-07-13 10:00:00,AIIMS,5.05,6.951210119397114,9.845181187510779,36.83,21.67334977443103,27.01967910644255,2.97,3.820737537319901,3.212933104228898
2025-07-13 11:00:00,AIIMS,6.69,6.497447134279977,10.409352571904897,39.52,22.87273543157507,25.50131770042534,3.42,4.398122765008182,3.0497311244387024
2025-07-13 12:00:00,AIIMS,10.69,6.497447134279977,9.595157020820334,39.18,22.87273543157507,25.50131770042534,3.37,4.398122765008182,3.5460394756382883
2025-07-13 13:00:00,AIIMS,12.01,9.417455499306007,10.409352571904897,37.65,30.138544645633417,31.803055295516394,3.51,4.494424630892947,3.661793052628992
2025-07-13 14:00:00,AIIMS,11.82,10.875196512031398,9.595157020820334,37.48,32.583857995961736,33.98917036353011,3.35,4.498279410606588,3.7744128740639393
2025-07-13 15:00:00,AIIMS,10.59,11.430304020641358,9.595157020820334,35.64,32.59966764560682,39.555890126680026,3.62,4.47336429790146,3.7744128740639393
2025-07-13 16:00:00,AIIMS,12.42,9.904420726569068,11.801699941725287,35.94,30.1532031604879,37.0219677277924,3.63,4.46952698588341,3.8558132312427045
2025-07-13 17:00:00,AIIMS,13.53,11.430304020641358,12.177982942210777,38.18,32.59966764560682,39.92552932281364,3.61,4.47336429790146,4.147161444581778
2025-07-13 18:00:00,AIIMS,13.16,13.716619094486608,13.411289489908876,36.68,38.00337591554027,36.88973672846072,3.52,4.071435570186709,3.404281497468351
2025-07-13 19:00:00,AIIMS,11.34,12.793103464761147,15.403779361737904,32.36,34.55506901570382,36.88973672846072,3.69,4.167755463584291,4.86326122475795
2025-07-13 20:00:00,AIIMS,9.95,11.099929579766837,11.703408871682292,30.5,31.966227526843312,36.88973672846072,3.58,4.16413241036374,4.86326122475795
2025-07-13 21:00:00,AIIMS,9.19,9.640672204739559,11.703408871682292,29.93,29.209874630156836,37.9587466828585,3.97,4.167535029714805,4.86326122475795
2025-07-13 22:00:00,AIIMS,10.98,9.640672204739559,10.7318884896898,30.66,29.209874630156836,37.9587466828585,3.86,4.167535029714805,4.86326122475795
2025-07-14 01:00:00,AIIMS,7.66,10.25809131075099,12.32052874865989,29.24,32.61459476404738,35.6008927647353,3.68,4.2424552396901785,3.9107563135997445
2025-07-14 02:00:00,AIIMS,6.98,9.440173283668683,9.66689728555535,27.55,27.404957593756823,32.02899286031851,3.46,4.297469994714515,3.9107563135997445
2025-07-14 03:00:00,AIIMS,6.71,8.748317954113038,7.51740220104017,22.95,28.174878264846473,25.516541859988198,3.04,4.666848041167683,3.9107563135997445
2025-07-14 04:00:00,AIIMS,5.52,8.78919685033678,7.267156288194032,21.73,27.34091541420468,27.03577551607918,3.05,4.547997976989916,3.5979074822209745
2025-07-14 05:00:00,AIIMS,3.92,8.78919685033678,6.809868425064925,22.04,27.34091541420468,27.03577551607918,3.61,4.547997976989916,3.480312976825612
2025-07-14 06:00:00,AIIMS,4.29,6.079687926816352,6.044582799153173,22.65,20.488220769043334,21.93876652800001,3.6,5.0716672042554745,3.873224875716039
2025-07-14 07:00:00,AIIMS,5.2,3.3347586807428895,4.947590532985092,27.22,10.629948961424235,12.695751313521226,3.38,4.022242218308832,3.2806133445130614
2025-07-14 08:00:00,AIIMS,4.84,7.261937614418583,5.953603497985338,26.2,22.30864687088952,17.12043658909564,3.44,3.805062394511432,3.6327894976148
2025-07-14 09:00:00,AIIMS,3.78,7.261937614418583,7.236147953086004,29.55,22.30864687088952,21.0813740684291,3.88,3.805062394511432,4.025749154091654
2025-07-14 10:00:00,AIIMS,3.25,3.7908006496201265,8.0894424296135,32.87,13.54250236650477,14.919506826392231,4.07,4.444426488076241,4.147161444581778
2025-07-14 11:00:00,AIIMS,4.46,5.365206994595295,8.632672264467933,32.39,20.443409444105164,23.84767252676843,3.27,4.530068730747,3.8558132312427045
2025-07-14 12:00:00,AIIMS,5.58,6.769196817309008,8.632672264467933,31.67,25.35171883566892,24.55216989630605,3.45,4.649571492714733,4.025749154091654
2025-07-14 13:00:00,AIIMS,5.17,6.497447134279977,8.632672264467933,30.51,22.87273543157507,26.268356098101282,3.57,4.398122765008182,3.894748815716551
2025-07-14 14:00:00,AIIMS,7.15,8.151178031295759,10.961785449987007,30.95,28.337107682011567,26.268356098101282,3.99,4.514774222931788,4.025749154091654
2025-07-14 15:00:00,AIIMS,7.71,8.151178031295759,11.354163680422102,32.58,28.337107682011567,26.268356098101282,4.0,4.514774222931788,3.661793052628992
2025-07-14 16:00:00,AIIMS,8.77,8.151178031295759,10.472544408638063,32.94,28.337107682011567,28.69025694815495,3.86,4.514774222931788,3.9415000784472767
2025-07-14 17:00:00,AIIMS,8.13,8.189552862607911,10.743273134031389,30.96,27.49850750928847,30.67300645676761,2.84,4.399113583091111,4.26546255296251
2025-07-14 18:00:00,AIIMS,6.33,8.189552862607911,10.370297281432864,28.44,27.49850750928847,30.67300645676761,3.58,4.399113583091111,3.4657085868065103
2025-07-14 19:00:00,AIIMS,5.99,8.224776041450523,9.595157020820334,34.41,28.245813159030096,26.268356098101282,3.71,4.205450270255923,3.477335271430733
2025-07-14 20:00:00,AIIMS,8.74,8.151178031295759,10.409352571904897,44.12,28.337107682011567,26.268356098101282,3.26,4.514774222931788,3.894748815716551
2025-07-14 21:00:00,AIIMS,10.59,8.151178031295759,10.409352571904897,57.28,28.337107682011567,31.6173444439711,3.74,4.514774222931788,3.6176880828141975
2025-07-14 22:00:00,AIIMS,11.28,9.345630101554518,10.409352571904897,55.95,30.607890393633102,32.752487442897696,3.81,4.659390635586903,3.894748815716551
2025-07-15 01:00:00,AIIMS,12.24,14.055816969015128,10.73648498581337,39.45,43.055642236306674,45.79072641257948,3.08,4.673175048245159,3.480312976825612
2025-07-15 02:00:00,AIIMS,11.14,14.310489013117918,11.686873108823512,38.98,43.355797283374265,35.57759302866249,2.99,4.154690798726774,3.386646465581717
2025-07-15 03:00:00,AIIMS,12.23,13.593932110807089,12.9447328916717,38.53,37.03287775637112,43.88672619703236,2.67,3.796633573761227,2.732340287191261
2025-07-15 04:00:00,AIIMS,13.05,13.593932110807089,11.251031316402873,37.48,37.03287775637112,38.39421928979581,2.67,3.796633573761227,2.7075351287416565
2025-07-15 05:00:00,AIIMS,18.52,11.583104426251374,11.251031316402873,54.63,32.44150908419381,42.04797955853527,3.07,3.750483579773861,2.5723596629972505
2025-07-15 06:00:00,AIIMS,23.9,9.551122920843124,11.251031316402873,78.63,26.08516935599926,33.8405828847833,3.54,4.0288584574078135,3.031949874615014
2025-07-15 07:00:00,AIIMS,23.93,13.193895275183346,12.926694427714171,78.16,37.5770154938159,42.074422645821905,2.68,3.2846160448048423,3.384024608172492
2025-07-15 08:00:00,AIIMS,22.27,17.05469172349151,16.009997131234776,74.81,46.88925217263523,48.29151747110619,2.36,3.331562313414027,3.1822715049927
2025-07-15 09:00:00,AIIMS,16.84,17.05469172349151,19.751364374169054,64.83,46.88925217263523,45.57594424887189,2.3,3.331562313414027,3.47897459509813
2025-07-15 10:00:00,AIIMS,12.09,17.05469172349151,20.517622433744034,50.64,46.88925217263523,53.03171839542835,2.4,3.331562313414027,3.2237873393868313
2025-07-15 11:00:00,AIIMS,11.7,16.622341675370613,16.96937886045794,47.77,47.34721701308351,53.03171839542835,2.71,3.8671705360916455,3.2237873393868313
2025-07-15 12:00:00,AIIMS,10.91,16.234231190986723,13.729470070947972,47.16,45.89887995600364,48.31551885188041,3.04,4.313752245647509,3.2237873393868313
2025-07-15 13:00:00,AIIMS,8.37,16.693727821300953,13.552563838006728,47.64,49.20416760596884,48.31551885188041,3.24,4.289188393875902,3.529542265954345
2025-07-15 14:00:00,AIIMS,6.35,13.305119693413367,13.552563838006728,44.13,40.252786712113476,44.09631468298299,2.97,4.12482453406536,3.8621555035372728
2025-07-15 15:00:00,AIIMS,6.62,13.305119693413367,13.552563838006728,35.47,40.252786712113476,44.09631468298299,3.56,4.12482453406536,3.8621555035372728
2025-07-15 16:00:00,AIIMS,10.93,10.148342023702188,13.170927231824322,38.07,31.82705631454766,37.617304381319066,3.93,4.061744512005858,3.629585131995097
2025-07-15 17:00:00,AIIMS,14.46,9.001639221842533,10.472544408638063,62.66,29.321546682247508,41.1869467130717,4.61,4.573477965915024,3.8558132312427045
2025-07-15 18:00:00,AIIMS,18.6,10.862328148205652,10.472544408638063,68.18,33.527878752393256,38.72903853954263,4.23,4.515009469139953,3.8558132312427045
2025-07-15 19:00:00,AIIMS,17.0,13.555212977463583,13.552682026450189,65.89,41.26271339366735,48.479436676224495,4.49,4.587053123590263,4.0129963937131885
2025-07-15 20:00:00,AIIMS,13.18,16.082216715963156,17.081655896616034,55.67,46.13293280809147,50.818354913856695,3.98,3.771976333661917,3.7025504743084037
2025-07-15 21:00:00,AIIMS,11.89,16.082216715963156,15.56458615403038,38.87,46.13293280809147,53.03171839542835,2.8,3.771976333661917,3.8161549155022874
2025-07-15 22:00:00,AIIMS,8.55,16.904865432376027,13.552563838006728,30.39,46.82214407813695,50.585219600818526,3.04,3.859305161500056,3.3723473984873777
2025-07-16 01:00:00,AIIMS,6.35,16.80437780204649,17.059941586691895,28.38,42.80001966090575,48.5383964322056,2.56,3.9127312872477047,3.0683382926976774
2025-07-16 02:00:00,AIIMS,5.78,7.518375780634283,9.569694760133666,24.1,21.410583977799227,41.82082594066359,2.17,3.518433132130962,2.8598510830955264
2025-07-16 03:00:00,AIIMS,4.04,9.468435404719635,8.137398287710324,18.88,28.34411115151022,23.902905500022538,2.19,3.950537492833001,2.4103352884466385
2025-07-16 04:00:00,AIIMS,2.83,5.975169209620352,7.69721761473822,13.8,20.51190639385135,20.120269180997067,2.16,3.5605096956087054,2.3125863413366607
2025-07-16 05:00:00,AIIMS,2.05,4.170416511984885,6.342874748373508,10.68,12.769626499640221,16.98010801992165,2.54,3.908518767649923,2.3125863413366607
2025-07-16 06:00:00,AIIMS,6.01,4.970739249927248,6.342874748373508,11.38,13.946624823273151,20.703833727945,2.53,4.936440405782556,2.302645214253692
2025-07-16 07:00:00,AIIMS,6.11,5.2308124574864285,4.915157070086499,16.03,13.454248477348639,17.23742471122124,2.75,3.281538563776789,3.0195868984406546
2025-07-16 08:00:00,AIIMS,5.68,5.2308124574864285,7.184824382263347,15.49,13.454248477348639,23.10020014592174,2.63,3.281538563776789,3.0195868984406546
2025-07-16 09:00:00,AIIMS,4.4,4.706378169911725,7.263024914785387,12.97,13.279622523647559,25.471094428591748,2.75,3.2775447033589344,3.0195868984406546
2025-07-16 10:00:00,AIIMS,3.42,3.230667772624429,6.844657152245356,9.69,11.704085927304414,23.434114688022927,2.32,3.417197424574929,3.147619202838535
2025-07-16 11:00:00,AIIMS,5.39,3.619479585167844,5.623076191086413,8.6,11.85944459433375,19.302926086951345,3.89,3.421321676026471,3.147619202838535
2025-07-16 12:00:00,AIIMS,4.91,5.20249871015021,7.409585799670868,13.11,15.324773386193979,19.76365390208524,5.22,3.800006392630733,3.6150833669617635
2025-07-16 13:00:00,AIIMS,3.49,4.680447530719775,9.442965181113912,18.32,15.127549080413875,23.607784582722903,3.99,3.7955289004275397,4.206307137913516
2025-07-16 14:00:00,AIIMS,6.12,5.09253043430487,9.442965181113912,21.64,17.574583921670744,23.607784582722903,5.95,3.8737862628674495,3.786712197458594
2025-07-16 15:00:00,AIIMS,6.86,5.024083716884187,7.45110343817456,26.14,14.40446846158803,15.742365891486887,9.24,4.294739186819857,4.781909924663497
2025-07-16 16:00:00,AIIMS,7.94,5.024083716884187,9.423795281116352,25.66,14.40446846158803,16.866850326467524,9.17,4.294739186819857,4.44015086169551
2025-07-16 17:00:00,AIIMS,8.41,5.89019367902049,6.448820178361828,23.79,17.262718158341677,21.250112634624564,6.26,4.040808527626771,4.82360322344436
2025-07-16 18:00:00,AIIMS,11.6,5.89019367902049,6.448820178361828,21.98,17.262718158341677,25.699352410867192,6.4,4.040808527626771,5.31862461829943
2025-07-16 19:00:00,AIIMS,11.04,9.288563748046295,7.028159040267187,24.94,29.292679786824454,33.41296527062414,6.57,5.483572682670868,5.736167080371143
2025-07-16 20:00:00,AIIMS,8.97,9.836452698078256,7.380702052905514,24.45,31.228655705922947,36.86986340068515,6.32,5.3549014583767045,5.0410925485379146
2025-07-16 21:00:00,AIIMS,6.71,8.781084942386963,8.508166483896606,24.0,28.973186565083115,34.02191970330991,6.26,5.26092970106642,6.818464113465275
2025-07-16 22:00:00,AIIMS,6.18,6.436750133722794,8.508166483896606,26.59,17.92761194596496,28.52175596823628,6.4,5.560238871274901,6.8664267188282215
2025-07-17 01:00:00,AIIMS,7.23,10.422258508296693,7.815375240932299,18.41,27.64781964607803,30.430135543720866,5.93,4.844266878419969,7.137972181639915
2025-07-17 02:00:00,AIIMS,5.3,9.168892263820675,6.422615852573626,15.61,25.647494719549325,24.488075540733046,5.67,4.7445473954995165,6.818464113465275
2025-07-17 03:00:00,AIIMS,5.07,7.79207946936028,6.953581904030993,14.64,19.286535451165346,28.17146570311329,6.0,4.566150340445132,6.818464113465275
2025-07-17 04:00:00,AIIMS,7.69,6.1354471752200626,6.422615852573626,13.33,17.701507738066457,17.564781711625606,5.74,4.970366280389187,6.639196455774652
2025-07-17 05:00:00,AIIMS,7.1,7.429105650550811,5.588312551075942,10.23,20.25814976893217,17.564781711625606,5.79,4.975928913389862,6.639196455774652
2025-07-17 06:00:00,AIIMS,5.2,7.79207946936028,5.878336518606179,12.88,19.286535451165346,24.82072282303172,5.59,4.566150340445132,6.518926223458439
2025-07-17 07:00:00,AIIMS,4.07,7.450175169978936,5.432959874984914,14.52,20.711070625851363,29.47639776238448,6.15,5.207554450278803,6.639196455774652
2025-07-17 08:00:00,AIIMS,4.78,5.0525007934637465,4.329913694252737,23.54,15.224099969071258,16.223216210322274,6.17,5.924143388207813,6.639196455774652
2025-07-17 09:00:00,AIIMS,4.38,4.1426734815310216,4.13078947720914,22.61,14.506787414871662,22.283753395418348,6.26,6.073692893144624,5.947977302787718
2025-07-17 10:00:00,AIIMS,4.76,6.209148521640415,7.655877766586386,21.39,18.929994761426617,20.842365741617108,6.43,6.297807237215712,6.318685375091309
2025-07-17 12:00:00,AIIMS,15.8,9.935439201919781,7.655877766586386,47.32,28.06121600523992,31.803055295516394,9.55,6.55832762954875,5.344637393121645
2025-07-17 13:00:00,AIIMS,16.27,7.535410045460338,10.488137048699022,48.46,22.69807250326554,28.494149885380438,9.16,6.499151066022998,6.592472785836189
2025-07-17 14:00:00,AIIMS,16.27,11.29201820880582,13.24817883370355,48.46,34.32397028068466,35.45044211641743,9.06,7.540830756633289,6.905299965056553
2025-07-17 15:00:00,AIIMS,15.03,13.222152725073249,13.24817883370355,47.11,39.56092499971972,37.00684892109282,9.11,7.3759715960614916,7.03062958768032
2025-07-17 16:00:00,AIIMS,19.54,13.921613363232108,13.24817883370355,47.36,41.324037319144104,38.62437286339995,9.16,8.71367862567446,7.502727591469487
2025-07-17 17:00:00,AIIMS,19.54,15.28824466483892,13.24817883370355,47.36,45.34925665815374,41.177001385597094,6.43,8.339387046213913,6.905299965056553
2025-07-17 18:00:00,AIIMS,13.68,16.56039371582918,12.889624332036991,34.64,46.56301602752328,50.626432017354105,6.56,9.364481103491014,6.591030365562564
2025-07-17 19:00:00,AIIMS,12.0,15.577895778213247,12.044200262365932,29.16,44.74388939393094,46.9055169047278,6.22,8.854483062390667,7.051130592164325
2025-07-17 20:00:00,AIIMS,10.27,14.95658613187329,13.497205298297109,23.5,40.26891694490347,47.2516370115525,6.53,9.274232605155905,7.062277098141925
2025-07-17 21:00:00,AIIMS,9.96,12.008785658846545,10.95627825232318,23.5,35.82666531612665,44.117113930052504,6.41,8.057644793336808,6.8214677954340255
2025-07-17 22:00:00,AIIMS,10.83,12.753081959171112,10.95627825232318,27.54,35.77730710135405,42.435120078518025,6.27,8.346475320808464,6.536381936845677
2025-07-18 01:00:00,AIIMS,6.66,9.767072082736817,9.618556723962055,16.38,29.8272020527187,32.638844015421355,5.85,7.5369488262844175,6.796534404301865
2025-07-18 02:00:00,AIIMS,4.76,7.7977004292321865,8.320324312164395,14.1,19.672099405179594,29.62202275808848,5.63,6.439391094987644,6.490431656544176
2025-07-18 03:00:00,AIIMS,4.76,6.160887807149723,7.139307933780289,16.2,17.91675234962208,22.869254947174145,5.59,7.173811877412529,6.490431656544176
2025-07-18 04:00:00,AIIMS,6.16,6.213967009774043,7.139307933780289,16.2,18.887329243488118,17.106536441527737,5.7,7.711858858940973,6.318685375091309
2025-07-18 05:00:00,AIIMS,6.16,7.219736834670865,7.139307933780289,14.81,20.187528104804265,21.285061891862014,6.45,6.4289005719949275,6.318685375091309
2025-07-18 06:00:00,AIIMS,5.45,6.721329177761274,7.062278247757732,14.81,17.774234919799042,24.82072282303172,7.61,6.150628560801974,6.101020130734788
2025-07-18 07:00:00,AIIMS,15.08,7.25256117445943,7.139307933780289,44.3,20.154024712583805,27.57675873997918,7.72,7.234019472838382,6.318685375091309
2025-07-18 08:00:00,AIIMS,24.79,9.139808401438387,8.497861285016318,83.9,24.69007453504522,20.196298505471905,7.95,7.299447357644562,7.345456057466446
2025-07-18 09:00:00,AIIMS,31.54,10.197447404872113,10.644256258938256,89.51,28.453538059653884,32.196243589623734,8.11,7.759154929447748,6.590332256065702
2025-07-18 10:00:00,AIIMS,31.54,12.095500193517376,16.993748036142645,89.51,34.579658059582606,44.359066684813165,7.65,9.185952841484593,6.590332256065702
2025-07-18 11:00:00,AIIMS,23.29,18.676730102153737,16.993748036142645,72.14,56.14585071611226,56.187899748855564,6.7,8.966775115239802,6.590332256065702
2025-07-18 12:00:00,AIIMS,23.29,22.70482760173865,20.146316124303965,60.09,62.88967044051518,50.55711962849317,6.87,9.383738920184264,7.3339180422508985
2025-07-18 13:00:00,AIIMS,16.51,19.453913867749925,19.824960747663205,46.26,54.885177767421474,49.01524737757687,6.95,8.936806189381748,7.288459424252668
2025-07-18 14:00:00,AIIMS,16.51,17.318233356443194,20.335360152751523,43.08,48.90804961351092,45.83345609016259,6.54,9.145477408432274,7.288459424252668
2025-07-18 15:00:00,AIIMS,16.51,14.577277199255912,19.723158278009375,39.8,40.230231398323546,48.81310790546699,7.19,8.481122573603942,7.288459424252668
2025-07-18 16:00:00,AIIMS,12.21,14.577277199255912,18.51023980734812,39.8,40.230231398323546,48.81310790546699,7.35,8.481122573603942,8.082995369128117
2025-07-18 17:00:00,AIIMS,10.12,14.004250968613361,18.51023980734812,33.29,40.2826659444024,41.869978569006776,6.26,8.36572512040472,7.321886136668404
2025-07-18 18:00:00,AIIMS,12.95,15.099789773537427,13.571531296934426,34.51,42.09389154829744,40.11384628526239,6.17,7.240995129329134,7.197119630222696
2025-07-18 19:00:00,AIIMS,12.95,14.867533687730681,13.510548262961898,34.51,40.73676423797722,45.79738786093887,6.18,6.28101210680649,7.208468252867856
2025-07-18 20:00:00,AIIMS,9.06,14.19901211988539,11.703408871682292,31.07,40.44569401147001,41.243280512620785,6.73,6.835486032374944,7.208468252867856
2025-07-18 21:00:00,AIIMS,7.68,10.793868142752014,11.703408871682292,33.92,34.66719254964904,39.777801545494476,5.69,6.629910089485417,7.208468252867856
2025-07-18 22:00:00,AIIMS,7.81,9.713555123488339,11.703408871682292,34.21,31.165377387908585,41.243280512620785,6.33,6.422030387326313,7.208468252867856
2025-07-19 01:00:00,AIIMS,11.14,13.02479185880485,12.350833514220726,36.0,39.23348834798321,36.86344980573945,6.89,5.397265009879034,6.796534404301865
2025-07-19 02:00:00,AIIMS,13.03,10.071183759023546,10.472544408638063,35.67,33.420364157369924,38.15587339956092,6.0,5.2949447771677045,6.490431656544176
2025-07-19 03:00:00,AIIMS,13.03,12.12483375297021,11.251031316402873,36.37,35.32069591877494,32.265545148266405,6.22,5.625156305312984,6.490431656544176
2025-07-19 04:00:00,AIIMS,11.88,12.873877973241582,11.762676060709984,36.37,36.16222836021944,32.265545148266405,6.26,6.484845303880955,5.812673222772107
2025-07-19 05:00:00,AIIMS,8.34,12.873877973241582,12.886373059589422,30.95,36.16222836021944,32.265545148266405,6.13,6.484845303880955,6.490431656544176
2025-07-19 06:00:00,AIIMS,7.78,10.397808114505876,10.064990440342955,31.76,30.916295248833862,39.26604618464657,6.02,6.66285731967952,6.267658500806882
2025-07-19 07:00:00,AIIMS,10.8,11.044253959508293,10.064990440342955,34.15,33.26104712957113,38.15587339956092,5.75,6.46938547993959,6.490431656544176
2025-07-19 08:00:00,AIIMS,11.28,9.040108161557438,10.660217866854138,40.04,27.43404920765137,38.15587339956092,6.45,4.715261124804535,6.490431656544176
2025-07-19 09:00:00,AIIMS,12.99,11.204998772703423,14.291560437864295,42.73,34.14898599920024,38.14024756785363,6.41,5.459602499387189,6.318685375091309
2025-07-19 10:00:00,AIIMS,14.23,13.499252332570904,13.09747353015996,47.9,39.154064015008345,36.829535195002,6.21,5.919887447490697,7.020258285339178
2025-07-19 11:00:00,AIIMS,17.55,13.499252332570904,13.09747353015996,51.03,39.154064015008345,37.53835074622222,6.39,5.919887447490697,6.823933302917135
2025-07-19 12:00:00,AIIMS,17.55,13.017154044106332,15.046575534313721,54.16,37.51991737981611,40.141122758645636,6.59,5.814839741346414,6.508180986939852
2025-07-19 13:00:00,AIIMS,15.32,12.940403219179398,18.11347672493156,58.94,37.57011607718814,42.88291700821882,6.94,6.3548997693022,6.631091971311894
2025-07-19 14:00:00,AIIMS,19.42,14.832897589407596,17.005982708029812,58.94,43.8868004810982,45.41045652613065,7.23,6.685614505998275,6.115998563710296
2025-07-19 15:00:00,AIIMS,23.6,15.307954031729217,16.59715604279192,64.66,45.10888692120837,48.44084909023535,7.46,7.423832629333754,6.691637315171871
2025-07-19 16:00:00,AIIMS,23.6,19.03701477085985,16.59715604279192,65.57,54.26213085714021,50.626432017354105,6.75,7.597235250402042,6.815428740267705
2025-07-19 17:00:00,AIIMS,19.56,17.96978800241141,18.357419520059516,67.78,49.951194359881256,49.471102144352386,6.39,8.180464278861864,7.197119630222696
2025-07-19 18:00:00,AIIMS,19.47,16.131397014830185,20.389164724913346,70.23,46.70808124184993,52.246713352054904,7.16,7.932769218954592,7.197119630222696
2025-07-19 19:00:00,AIIMS,19.55,16.131397014830185,21.09150839864892,70.23,46.70808124184993,55.63439129307644,6.91,7.932769218954592,7.197119630222696
2025-07-19 20:00:00,AIIMS,19.55,16.131397014830185,20.389164724913346,67.73,46.70808124184993,55.63439129307644,6.65,7.932769218954592,7.197119630222696
2025-07-19 21:00:00,AIIMS,17.19,18.00888406662163,17.141950678346355,57.71,52.53927919429141,53.465579514296415,6.7,7.870674921546167,7.197119630222696
2025-07-19 22:00:00,AIIMS,17.19,18.00888406662163,17.141950678346355,64.49,52.53927919429141,49.54003614409855,7.03,7.870674921546167,7.197119630222696
2025-07-20 01:00:00,AIIMS,18.96,20.0487504664139,17.683775090243284,60.22,56.17878709662628,58.56137063965964,6.41,8.116648180482263,6.785755301043043
2025-07-20 02:00:00,AIIMS,14.12,19.46687144766182,17.141950678346355,46.79,56.211100598822036,58.56137063965964,6.04,7.784428198901944,6.4800757558205815
2025-07-20 03:00:00,AIIMS,13.41,19.46687144766182,17.674420805688502,42.41,56.211100598822036,54.26855404394086,5.45,7.784428198901944,6.131773315333647
2025-07-20 04:00:00,AIIMS,10.37,19.46687144766182,17.0807147953577,37.61,56.211100598822036,41.724481312843224,5.53,7.784428198901944,6.131773315333647
2025-07-20 05:00:00,AIIMS,7.29,17.26771336507463,16.041953693446718,32.35,46.001934881609166,39.01148805724877,5.61,6.361189524541059,6.131773315333647
2025-07-20 06:00:00,AIIMS,10.61,14.445496717064803,13.522346917520943,32.35,40.06901230325679,39.29488730216194,5.95,6.319799601529367,6.409121310983143
2025-07-20 07:00:00,AIIMS,10.61,13.605776937767343,13.461569724143976,32.35,37.65877364679242,39.29488730216194,5.86,6.487668251272084,6.6362306799091755
2025-07-20 08:00:00,AIIMS,7.71,9.41466567467623,10.877435935751674,24.92,27.371514061180548,37.91444343448522,5.94,5.011042496523061,6.900637216574453
2025-07-20 09:00:00,AIIMS,7.2,9.41466567467623,8.54464959654621,20.7,27.371514061180548,28.215257274334263,5.56,5.011042496523061,6.900637216574453
2025-07-20 10:00:00,AIIMS,10.1,9.450363415766033,10.661789156364241,24.69,28.691786610961508,24.617223900875718,5.63,4.890730671485406,6.094963349504523
2025-07-20 11:00:00,AIIMS,10.1,9.450363415766033,12.060341057900992,24.69,28.691786610961508,40.139379159645614,5.38,4.890730671485406,6.294559428028349
2025-07-20 12:00:00,AIIMS,7.51,9.406723541310061,10.392513411223709,28.17,29.56550034394541,27.621169414723703,5.51,5.016922808047761,6.294559428028349
2025-07-20 13:00:00,AIIMS,8.76,9.401568116028649,10.885845948551985,28.37,27.55166804076181,30.810239342490995,5.47,5.1945674875917005,7.020258285339178
2025-07-20 14:00:00,AIIMS,9.33,9.474481981837922,10.885845948551985,38.09,30.805483592712886,28.872744857276405,5.59,4.685219793314377,7.020258285339178
2025-07-20 15:00:00,AIIMS,13.35,8.837076379801015,11.461350302932976,38.09,29.279071374486566,32.36082294450693,5.75,4.684773404600171,7.020258285339178
2025-07-20 16:00:00,AIIMS,13.35,11.016670429279428,12.584048177155102,35.19,32.311801220683016,32.36082294450693,5.97,5.529129284408374,5.952837567364585
2025-07-20 17:00:00,AIIMS,11.99,12.71510119186619,11.956694103477075,35.19,35.443258581180935,32.74798843293438,7.16,5.786024382644651,6.294559428028349
2025-07-20 18:00:00,AIIMS,9.0,12.662692240403086,12.297931909063971,32.92,35.33653453740039,39.767362984339684,7.0,4.953325465332474,6.094963349504523
2025-07-20 19:00:00,AIIMS,9.82,10.897023009179929,13.399136706514751,30.98,33.19066613548484,37.92758089239047,7.09,5.295135718661909,5.656467099224821
2025-07-20 20:00:00,AIIMS,9.82,11.306202676643233,12.537940030199165,30.98,34.6411511266484,35.473943262263965,7.74,5.392172419774669,5.453543612956414
2025-07-20 21:00:00,AIIMS,6.89,11.306202676643233,12.537940030199165,33.08,34.6411511266484,35.8063783049957,7.13,5.392172419774669,6.465739550194103
2025-07-20 22:00:00,AIIMS,6.84,8.810219215209862,12.310836244576224,33.08,28.856890341395612,32.32596947587182,7.02,4.732648806769035,6.125652255113268
2025-07-21 01:00:00,AIIMS,6.17,11.416135920357943,11.459274627897496,24.78,36.059291588187065,29.543792472075612,5.78,4.584309680117154,7.543914166040214
2025-07-21 02:00:00,AIIMS,5.27,8.425094428840609,9.093393892780465,27.92,27.592159181195278,28.033158258514007,5.87,4.561888107714576,7.208468252867856
2025-07-21 03:00:00,AIIMS,7.95,8.425094428840609,9.170136417563207,29.39,27.592159181195278,25.275910658430032,6.32,4.561888107714576,6.536381936845677
2025-07-21 04:00:00,AIIMS,7.95,8.425094428840609,8.035769705871212,29.39,27.592159181195278,21.92310277888324,6.23,4.561888107714576,7.208468252867856
2025-07-21 05:00:00,AIIMS,8.48,8.425094428840609,9.376208314393796,23.02,27.592159181195278,26.651497693314756,5.94,4.561888107714576,7.208468252867856
2025-07-21 06:00:00,AIIMS,9.96,7.919225559522266,7.937317997566778,24.44,25.635373716906795,27.435490937258635,6.13,4.705951997242991,6.101020130734788
2025-07-21 07:00:00,AIIMS,9.96,8.425094428840609,7.937317997566778,28.66,27.592159181195278,31.126086814651913,6.06,4.561888107714576,6.318685375091309
2025-07-21 08:00:00,AIIMS,12.97,8.425094428840609,9.376208314393796,41.88,27.592159181195278,29.680328303028325,6.29,4.561888107714576,5.656467099224821
2025-07-21 09:00:00,AIIMS,13.4,8.932972524974018,9.376208314393796,47.37,26.807560670330666,28.9554087810638,7.15,5.052211297019041,7.020258285339178
2025-07-21 10:00:00,AIIMS,16.8,12.648724229295244,10.707049575173063,56.96,35.09741094081505,28.9554087810638,7.88,5.526141060943868,6.835383583069848
2025-07-21 11:00:00,AIIMS,17.33,13.803914911321575,14.116787267544165,59.45,41.51147500856028,35.99171609523544,6.5,6.110446488482278,6.835383583069848
2025-07-21 12:00:00,AIIMS,17.33,14.506249702355678,14.739217887162509,59.45,42.34638201218952,39.283063090431426,6.39,6.984284823039,7.663106048884538
2025-07-21 13:00:00,AIIMS,20.36,14.506249702355678,15.495262024699873,55.72,42.34638201218952,45.83003037421819,6.29,6.984284823039,7.282597647523371
2025-07-21 14:00:00,AIIMS,22.64,17.057980354268285,16.733311882112748,53.28,48.243289566201334,42.772342105617916,6.08,7.65741548327609,6.815428740267705
2025-07-21 15:00:00,AIIMS,22.64,17.057980354268285,16.59715604279192,51.76,48.243289566201334,46.11503316179649,6.63,7.65741548327609,6.815428740267705
2025-07-21 16:00:00,AIIMS,18.71,17.057980354268285,19.74685770910655,51.21,48.243289566201334,51.30748800858389,6.03,7.65741548327609,6.815428740267705
2025-07-21 17:00:00,AIIMS,18.71,16.131397014830185,20.21716542109346,49.04,46.70808124184993,54.63541028061814,6.95,7.932769218954592,6.863372725041659
2025-07-21 18:00:00,AIIMS,20.49,16.588585718778962,20.21716542109346,47.42,48.33920497265822,54.63541028061814,7.38,6.967234114968616,6.815428740267705
2025-07-21 19:00:00,AIIMS,23.54,20.0487504664139,20.21716542109346,54.44,56.17878709662628,53.465579514296415,7.9,8.116648180482263,6.815428740267705
2025-07-21 20:00:00,AIIMS,25.7,20.325961284842244,17.141950678346355,66.69,56.35326425525208,53.465579514296415,7.02,7.889486389863421,6.815428740267705
2025-07-21 21:00:00,AIIMS,26.68,17.147284930034314,21.240264082733393,86.38,48.56889800331699,52.974546813140435,6.98,7.661039781778653,7.573701110936652
2025-07-21 22:00:00,AIIMS,31.49,16.12937559505763,22.019827259941152,94.35,46.56986139267293,58.18750249929622,8.08,7.587933781918316,7.197119630222696
2025-07-22 01:00:00,AIIMS,29.6,29.145218788730766,21.913594347100595,75.26,76.36784632592119,62.766293951359586,6.52,7.326579584732704,7.532101772449101
2025-07-22 02:00:00,AIIMS,25.68,25.15599653630751,26.94961089415079,68.6,65.03520489425111,62.766293951359586,6.52,7.05019417861984,7.247405109343864
2025-07-22 03:00:00,AIIMS,25.68,26.780848048807993,24.250017834025297,66.31,69.56891134858704,62.766293951359586,6.3,7.307040606361678,6.4800757558205815
2025-07-22 04:00:00,AIIMS,23.25,20.73775499543018,21.444030399357914,61.09,54.35620352886143,62.766293951359586,6.49,8.359380720179024,6.4800757558205815
2025-07-22 05:00:00,AIIMS,17.93,19.4247767030416,21.444030399357914,59.21,53.44552018668394,58.3166863555988,6.35,8.091205573813271,6.525962507534836
2025-07-22 06:00:00,AIIMS,22.2,17.44538054903832,21.26501367547767,58.1,49.97998845668574,54.04150509540113,6.65,7.8459187734038505,5.9196670282317765
2025-07-22 07:00:00,AIIMS,22.2,18.787226117178815,22.549852369633946,55.32,52.0898259169649,61.64454868391076,6.31,7.719819145730723,6.131773315333647
2025-07-22 08:00:00,AIIMS,19.53,18.787226117178815,22.549852369633946,52.86,52.0898259169649,61.64454868391076,6.63,7.719819145730723,5.797677353652422
2025-07-22 09:00:00,AIIMS,20.85,18.787226117178815,21.54709847566583,67.38,52.0898259169649,61.64454868391076,6.71,7.719819145730723,5.797677353652422
2025-07-22 10:00:00,AIIMS,20.85,18.787226117178815,22.444273343415244,67.38,52.0898259169649,58.27253690166093,6.61,7.719819145730723,5.797677353652422
2025-07-22 11:00:00,AIIMS,19.93,20.955774356047634,22.444273343415244,63.74,58.57881637988292,56.00269744094778,6.51,7.659205126705839,5.797677353652422
2025-07-22 12:00:00,AIIMS,18.75,20.955774356047634,22.444273343415244,49.63,58.57881637988292,56.00269744094778,6.59,7.659205126705839,6.131773315333647
2025-07-22 13:00:00,AIIMS,18.22,20.955774356047634,21.365787737689423,37.23,58.57881637988292,59.24557816511514,6.52,7.659205126705839,6.196179246184553
2025-07-22 14:00:00,AIIMS,16.19,20.503927471365422,19.496782113821116,31.04,55.274961204581004,48.92450464502069,6.25,7.427139555666473,6.196179246184553
2025-07-22 15:00:00,AIIMS,17.56,19.531660308822026,18.10704130427671,25.72,51.25309418436892,51.92702657118127,6.74,7.558368500214353,5.797677353652422
2025-07-22 16:00:00,AIIMS,26.32,19.531660308822026,15.986680054981885,35.29,51.25309418436892,42.4381244261026,7.48,7.558368500214353,5.797677353652422
2025-07-22 17:00:00,AIIMS,26.32,17.73224212170452,20.45921345381302,36.47,45.97650030291367,41.37749966718031,7.1,6.68968693435554,6.149982606229584
2025-07-22 18:00:00,AIIMS,26.01,16.346333429627347,20.29733361262742,36.47,41.37887237855467,40.24281878810416,6.7,6.585659658802439,7.078451331641137
2025-07-22 19:00:00,AIIMS,19.21,17.81456085984823,20.29733361262742,31.3,43.40645858210498,36.63426033483274,6.7,7.709628476874395,7.208468252867856
2025-07-22 20:00:00,AIIMS,14.02,19.028359828671352,17.956944002063608,29.07,47.20157664212077,34.819681752520495,6.62,7.622551427777699,7.208468252867856
2025-07-22 21:00:00,AIIMS,11.49,19.028359828671352,15.365649561491644,27.5,47.20157664212077,32.550689954589025,5.79,7.622551427777699,7.208468252867856
2025-07-22 22:00:00,AIIMS,11.57,19.028359828671352,13.992554535822803,30.03,47.20157664212077,32.550689954589025,5.94,7.622551427777699,7.208468252867856
2025-07-23 01:00:00,AIIMS,9.3,22.508268977829438,14.650958017061598,23.99,58.042280970791374,32.60158458257185,5.94,5.6249017952986025,6.43129695992242
2025-07-23 02:00:00,AIIMS,7.43,12.497296740182918,11.485963359607169,17.09,36.40030819372734,32.997510569541554,5.96,6.194226458578943,6.490431656544176
2025-07-23 03:00:00,AIIMS,10.33,13.506204877292724,12.965878185865545,20.11,40.206562406597754,31.21333024794317,5.71,6.080930203495745,6.318685375091309
2025-07-23 04:00:00,AIIMS,10.33,10.93381889866439,9.935849539959559,20.11,32.81390407870245,31.21333024794317,5.31,5.72516152518626,6.294559428028349
2025-07-23 05:00:00,AIIMS,10.27,10.124820822988978,8.531511111213884,20.73,29.523409347376404,26.59985628032347,5.95,6.13103583776306,7.020258285339178
2025-07-23 06:00:00,AIIMS,9.25,9.495426489663586,8.627389463581014,21.92,28.9664040128376,31.962082357717954,5.84,5.035359411645526,6.520971232762081
2025-07-23 07:00:00,AIIMS,9.52,10.231246230707347,8.531511111213884,28.75,29.99373472033975,25.272346354475406,6.07,6.222221964013613,6.318685375091309
2025-07-23 08:00:00,AIIMS,9.52,10.231246230707347,9.724608931594995,28.75,29.99373472033975,26.59985628032347,6.48,6.222221964013613,6.318685375091309
2025-07-23 09:00:00,AIIMS,7.03,7.786163729394147,9.83248876535329,27.35,24.809802286706514,26.59985628032347,6.08,4.897556998921647,7.020258285339178
2025-07-23 10:00:00,AIIMS,8.24,8.84040748780891,11.733403432660808,27.05,27.330538219864163,28.254595044834545,6.07,5.948813954211207,5.963013004056121
2025-07-23 11:00:00,AIIMS,9.9,9.596674348505545,11.648516024315798,27.05,28.900685494605106,30.623276039685813,6.01,4.936264786223762,5.772488805297805
2025-07-23 12:00:00,AIIMS,9.9,9.556002898123161,11.648516024315798,23.21,30.384636328210224,31.519879726092256,6.06,5.5533110916461155,6.6445402435148395
2025-07-23 13:00:00,AIIMS,10.5,8.769252531286563,10.9413191606681,25.25,29.735462434657297,29.470310428194264,6.7,4.855454489362806,5.791391308458823
2025-07-23 14:00:00,AIIMS,14.44,10.04437840808295,9.075458730932366,26.32,32.11448212149261,28.414037780214343,6.07,5.009004714355837,6.456120523791562
2025-07-23 15:00:00,AIIMS,14.44,12.648724229295244,10.49431759007689,26.54,35.09741094081505,27.026911039434072,5.99,5.526141060943868,6.139533940499264
2025-07-23 16:00:00,AIIMS,14.43,11.300418253978608,12.66453104289081,26.54,30.258606844978363,34.062209103012016,6.02,5.814954690431748,6.823933302917135
2025-07-23 17:00:00,AIIMS,14.43,12.167658265614524,11.427928628287889,24.58,34.48707811806651,38.34828115969506,7.12,5.883661149918317,6.139533940499264
2025-07-23 18:00:00,AIIMS,12.25,14.114529333767306,10.53104347029542,36.74,38.30415473191677,39.44455132874772,7.25,6.915591295890083,6.631091971311894
2025-07-23 19:00:00,AIIMS,18.12,14.114529333767306,14.311498612576827,54.14,38.30415473191677,39.44455132874772,7.73,6.915591295890083,7.208468252867856
2025-07-23 20:00:00,AIIMS,20.58,12.573990739137225,11.506341253350683,71.58,35.14445265665948,33.1950599355926,8.43,6.043322397202323,7.208468252867856
